Titre,Profondeur,Paragraphes,Images,Longueur,L'adresse
Chat,1,3794,38,102250,https://fr.wikipedia.org/wiki/Chat
Chatte,1,12,0,248,https://fr.wikipedia.org/wiki/Chatte
Chat (nom vernaculaire),1,46,0,1005,https://fr.wikipedia.org/wiki/Chat_(animal)
Chat (homonymie),1,41,0,593,https://fr.wikipedia.org/wiki/Chat_(homonymie)
Felinae,1,113,0,1572,https://fr.wikipedia.org/wiki/Felinae
Chat de ferme,1,62,0,1837,https://fr.wikipedia.org/wiki/Chat_de_ferme
Chat dans l'Égypte antique,1,272,4,11585,https://fr.wikipedia.org/wiki/Chat_dans_l%27%C3%89gypte_antique
Chat polydactyle,1,105,0,3624,https://fr.wikipedia.org/wiki/Chat_polydactyle
Chat calico,1,260,1,9360,https://fr.wikipedia.org/wiki/Chat_calico
Chat à poil long,1,82,0,1499,https://fr.wikipedia.org/wiki/Chat_%C3%A0_poil_long
Chat de gouttière,1,147,1,3751,https://fr.wikipedia.org/wiki/Chat_de_goutti%C3%A8re
Chat haret,1,314,0,12078,https://fr.wikipedia.org/wiki/Chat_haret
Chaton (animal),1,437,0,17798,https://fr.wikipedia.org/wiki/Chaton_(animal)
Chat-léopard,1,1558,1,16648,https://fr.wikipedia.org/wiki/Chat_l%C3%A9opard_du_Bengale
Chat de Temminck,1,732,4,17677,https://fr.wikipedia.org/wiki/Chat_de_Temminck
Chat à tête plate,1,89,0,3478,https://fr.wikipedia.org/wiki/Chat_%C3%A0_t%C3%AAte_plate
Chat d'argent,1,274,0,7181,https://fr.wikipedia.org/wiki/Chat_d%27argent
Robe noire du chat,1,469,2,10413,https://fr.wikipedia.org/wiki/Chat_noir
Chat à neuf queues,1,92,0,2567,https://fr.wikipedia.org/wiki/Chat_%C3%A0_neuf_queues
Chat d'argent,1,274,0,7181,https://fr.wikipedia.org/wiki/Chat_d%27argent_(mythologie)
Chat dans l'islam,1,188,0,5041,https://fr.wikipedia.org/wiki/Chat_dans_l%27islam
Chat (héraldique),1,69,0,2644,https://fr.wikipedia.org/wiki/Chat_(h%C3%A9raldique)
Chat du Cheshire,1,84,1,2212,https://fr.wikipedia.org/wiki/Chat_du_Cheshire
Le Maître chat ou le Chat botté,1,1743,22,51774,https://fr.wikipedia.org/wiki/Chat_bott%C3%A9
Chat dans la musique,1,56,1,1110,https://fr.wikipedia.org/wiki/Chat_dans_la_musique
Chat perché,1,95,0,5519,https://fr.wikipedia.org/wiki/Chat_perch%C3%A9_(jeu)
Chat de Schrödinger,1,533,1,26208,https://fr.wikipedia.org/wiki/Chat_de_Schr%C3%B6dinger
Chat de bibliothèque,1,246,1,11920,https://fr.wikipedia.org/wiki/Chat_de_biblioth%C3%A8que
Race de chats,1,464,0,11034,https://fr.wikipedia.org/wiki/Race_de_chats
Chats de l'Ermitage,1,81,0,2370,https://fr.wikipedia.org/wiki/Chats_de_l%27Ermitage
Chats errants à Istanbul,1,111,0,3990,https://fr.wikipedia.org/wiki/Chats_errants_%C3%A0_Istanbul
Chat de navire,1,70,0,2299,https://fr.wikipedia.org/wiki/Chat_de_navire
Chats de Rome,1,336,0,9466,https://fr.wikipedia.org/wiki/Chats_de_Rome
Chatterie,1,24,0,943,https://fr.wikipedia.org/wiki/Chatterie
Chat sauvage d'Afrique subsaharienne,1,97,0,1724,https://fr.wikipedia.org/wiki/Chat_sauvage_d%27Afrique_subsaharienne
Chat orné,1,73,0,3412,https://fr.wikipedia.org/wiki/Chat_orn%C3%A9
Chat de Biet,1,979,1,18815,https://fr.wikipedia.org/wiki/Chat_de_Biet
Chatte (bateau),2,214,1,4348,https://fr.wikipedia.org/wiki/Chatte_(bateau)
Chat (machine de guerre),2,32,1,1707,https://fr.wikipedia.org/wiki/Chat_(machine_de_guerre)
Chatte (Isère),2,444,18,11455,https://fr.wikipedia.org/wiki/Chatte_(Is%C3%A8re)
Chattes,2,163,1,4276,https://fr.wikipedia.org/wiki/Chattes
Chat (nom vernaculaire),2,46,0,1005,https://fr.wikipedia.org/wiki/Chat_(nom_vernaculaire)
Chat sauvage,2,12,0,189,https://fr.wikipedia.org/wiki/Chat_sauvage
Chouette hulotte,2,559,0,19106,https://fr.wikipedia.org/wiki/Chat-huant
Chat noir,2,26,0,413,https://fr.wikipedia.org/wiki/Chat_noir_(homonymie)
Chat doré d'Afrique,2,164,0,3351,https://fr.wikipedia.org/wiki/Chat_dor%C3%A9_d%27Afrique
Manul,2,501,0,10698,https://fr.wikipedia.org/wiki/Chat_De_Pallas
Chat-léopard,2,1558,1,16648,https://fr.wikipedia.org/wiki/Chat-l%C3%A9opard
Chat du Pantanal,2,305,0,8375,https://fr.wikipedia.org/wiki/Chat_du_Pantanal
Hiéroglyphe égyptien E13,2,16,0,329,https://fr.wikipedia.org/wiki/Chat_(hi%C3%A9roglyphe_%C3%A9gyptien_E13)
Chat rex,2,49,0,1113,https://fr.wikipedia.org/wiki/Chat_rex
Chat à poil court,2,37,0,695,https://fr.wikipedia.org/wiki/Chat_%C3%A0_poil_court
Felis silvestris silvestris,2,408,2,22436,https://fr.wikipedia.org/wiki/Chat_forestier
Chat d'Arnold,2,114,0,3598,https://fr.wikipedia.org/wiki/Chat_d%27Arnold
Chat d'Iriomote,2,2334,7,53686,https://fr.wikipedia.org/wiki/Chat-l%C3%A9opard_d%E2%80%99Iriomote
Chat doré,2,13,3,254,https://fr.wikipedia.org/wiki/Chat_dor%C3%A9
Chat de Tsushima,2,101,1,3043,https://fr.wikipedia.org/wiki/Chat-l%C3%A9opard_de_Tsushima
Chat-vampire de Nabeshima,2,83,0,4209,https://fr.wikipedia.org/wiki/Chat-vampire_de_Nabeshima
Chat (constellation),2,44,0,541,https://fr.wikipedia.org/wiki/Chat_(constellation)
Chat à neuf queues (homonymie),2,9,0,247,https://fr.wikipedia.org/wiki/Chat_%C3%A0_neuf_queues_(homonymie)
Chat Noir (café),2,97,0,1603,https://fr.wikipedia.org/wiki/Chat_Noir_(caf%C3%A9)
Chatbot,2,505,2,20417,https://fr.wikipedia.org/wiki/Chatbot
Chat,2,49,1,796,https://fr.wikipedia.org/wiki/Chat_(Botero)
Chat en poche,2,61,0,1952,https://fr.wikipedia.org/wiki/Chat_en_poche
Chat piano,2,51,0,1251,https://fr.wikipedia.org/wiki/Chat_piano
"Chat noir, chat blanc",2,98,0,3678,"https://fr.wikipedia.org/wiki/Chat_noir,_chat_blanc"
Chats perchés,2,18,0,267,https://fr.wikipedia.org/wiki/Chats_perch%C3%A9s
Chatons de Schrödinger,2,136,0,2961,https://fr.wikipedia.org/wiki/Chatons_de_Schr%C3%B6dinger
Chat perché,2,95,0,5519,https://fr.wikipedia.org/wiki/Chat_perch%C3%A9
"Chat, c'est Paris",2,32,0,749,"https://fr.wikipedia.org/wiki/Chat,_c%27est_Paris"
Chat boume,2,26,0,402,https://fr.wikipedia.org/wiki/Chat_boume
"Chat bleu, chat noir",2,51,0,2551,"https://fr.wikipedia.org/wiki/Chat_bleu,_chat_noir"
Chats,2,14,0,368,https://fr.wikipedia.org/wiki/Chats_(bande_dessin%C3%A9e)
European shorthair,2,500,2,11897,https://fr.wikipedia.org/wiki/Chat_europ%C3%A9en
Civette,2,186,0,4257,https://fr.wikipedia.org/wiki/Chat_musqu%C3%A9
Dasyurus,2,54,0,680,https://fr.wikipedia.org/wiki/Chat_marsupial
Felis silvestris silvestris,2,408,2,22436,https://fr.wikipedia.org/wiki/Chat_sauvage_europ%C3%A9en
Chat viverrin,2,685,0,16009,https://fr.wikipedia.org/wiki/Chat_viverrin
Chat de Tsushima,2,101,1,3043,https://fr.wikipedia.org/wiki/Chat_de_Tsushima
Oncille,2,129,0,3675,https://fr.wikipedia.org/wiki/Chat-tigre
Chatuzange-le-Goubet,3,355,2,7820,https://fr.wikipedia.org/wiki/Chatuzange-le-Goubet
Chattien,3,33,0,402,https://fr.wikipedia.org/wiki/Chattien
Chat rubigineux,2,299,0,8423,https://fr.wikipedia.org/wiki/Chat_rubigineux
Chat viverrin,2,685,0,16009,https://fr.wikipedia.org/wiki/Chat_p%C3%AAcheur
Chat à pieds noirs,2,1552,10,42182,https://fr.wikipedia.org/wiki/Chat_%C3%A0_pieds_noirs
Chat Noir (Oslo),3,81,4,2445,https://fr.wikipedia.org/wiki/Chat_Noir_(Oslo)
Chat doré d'Afrique,2,164,0,3351,https://fr.wikipedia.org/wiki/Chat-pard
Chat des pampas,2,37,4,812,https://fr.wikipedia.org/wiki/Chat_des_pampas
Manul,2,501,0,10698,https://fr.wikipedia.org/wiki/Chat_de_Pallas
Chat des pampas,2,37,4,812,https://fr.wikipedia.org/wiki/Chat_pajeros
Chat de Biet,2,979,1,18815,https://fr.wikipedia.org/wiki/Chat_des_montagnes_chinoises
Chat marbré,2,707,1,16127,https://fr.wikipedia.org/wiki/Chat_marbr%C3%A9
Chat rex,3,49,0,1113,https://fr.wikipedia.org/wiki/Chat_%C3%A0_poil_fris%C3%A9
Chat forestier en France,3,1104,1,25938,https://fr.wikipedia.org/wiki/Chat_forestier_en_France
Chat forestier en Corse,3,180,0,3909,https://fr.wikipedia.org/wiki/Chat_forestier_en_Corse
Felis silvestris lybica,3,85,1,2987,https://fr.wikipedia.org/wiki/Chat_sauvage_d%E2%80%99Afrique
Chat rubigineux,2,299,0,8423,https://fr.wikipedia.org/wiki/Chat_l%C3%A9opard_de_l%27Inde
Chat d'Iriomote,2,2334,7,53686,https://fr.wikipedia.org/wiki/Chat_d%27Iriomote
Chat de Geoffroy,2,113,1,3819,https://fr.wikipedia.org/wiki/Chat_de_Geoffroy
Chat des sables,2,477,0,11743,https://fr.wikipedia.org/wiki/Chat_des_sables
Felis silvestris lybica,2,85,1,2987,https://fr.wikipedia.org/wiki/Chat_gant%C3%A9
Chat de Temminck,2,732,4,17677,https://fr.wikipedia.org/wiki/Chat_dor%C3%A9_d%27Asie
ChatGPT Search,3,49,1,1477,https://fr.wikipedia.org/wiki/ChatGPT_Search
Utilisation de ChatGPT dans l'éducation,3,319,1,12142,https://fr.wikipedia.org/wiki/ChatGPT_dans_l%27%C3%A9ducation
ChatGPT,3,1516,2,49573,https://fr.wikipedia.org/wiki/ChatGPT
Chat doré d'Afrique,2,164,0,3351,https://fr.wikipedia.org/wiki/Chat_dor%C3%A9_africain
Chat,2,3794,38,102250,https://fr.wikipedia.org/wiki/Chat_domestique
Chat des sables,2,477,0,11743,https://fr.wikipedia.org/wiki/Chat_du_d%C3%A9sert
Chat-léopard,2,1558,1,16648,https://fr.wikipedia.org/wiki/Chat_de_Chine
Guigna,2,1223,2,23293,https://fr.wikipedia.org/wiki/Chat_du_Chili
Chat bai,2,500,2,13469,https://fr.wikipedia.org/wiki/Chat_bai
Chat des Andes,2,398,0,11627,https://fr.wikipedia.org/wiki/Chat_des_Andes
Chat marsupial de Geoffroy,3,80,0,2668,https://fr.wikipedia.org/wiki/Chat_marsupial_de_Geoffroy
Chat marsupial du nord,3,51,0,2262,https://fr.wikipedia.org/wiki/Chat_marsupial_du_nord
Chat marsupial à queue tachetée,3,42,0,2474,https://fr.wikipedia.org/wiki/Chat_marsupial_%C3%A0_queue_tachet%C3%A9e
Chat marsupial moucheté,3,67,3,2407,https://fr.wikipedia.org/wiki/Chat_marsupial_mouchet%C3%A9
Chatière,4,53,0,2133,https://fr.wikipedia.org/wiki/Chati%C3%A8re
Chat forestier en Corse,4,180,0,3909,https://fr.wikipedia.org/wiki/Chat_sauvage_corse
ChatGPT Atlas,4,18,1,164,https://fr.wikipedia.org/wiki/ChatGPT_Atlas
Chat en ligne,4,276,1,7660,https://fr.wikipedia.org/wiki/Chat_en_ligne
Dasyurus spartacus,4,41,0,1582,https://fr.wikipedia.org/wiki/Chat_marsupial_bronz%C3%A9
